{"products":[{"id":"1","name":"titre-du-produit-6","title":"Titre du produit 6","description":"Exemple de texte. Lorem ipsum dolor sit amet, consectetur adipiscing elit. Curabitur id suscipit ex.","price":"150","oldPrice":"175","quantity":1,"currency":"USD","sku":"","categories":[],"images":[{"url":"images/caac4e54.svg"}],"created":1696922558544,"updated":1696922558544,"isDefault":true,"fullPrice":"$150"},{"id":"2","name":"titre-du-produit-5","title":"Titre du produit 5","description":"Exemple de texte. Lorem ipsum dolor sit amet, consectetur adipiscing elit. Curabitur id suscipit ex.","price":"7","oldPrice":"10","quantity":1,"currency":"USD","sku":"","categories":[],"images":[{"url":"images/6f461f60.svg"}],"created":1696922558545,"updated":1696922558545,"isDefault":true,"fullPrice":"$7"},{"id":"3","name":"titre-du-produit-4","title":"Titre du produit 4","description":"Exemple de texte. Lorem ipsum dolor sit amet, consectetur adipiscing elit. Curabitur id suscipit ex.","price":"20","oldPrice":"25","quantity":1,"currency":"USD","sku":"","categories":[],"images":[{"url":"images/776587db.svg"}],"created":1696922558557,"updated":1696922558557,"isDefault":true,"fullPrice":"$20"},{"id":"4","name":"titre-du-produit-3","title":"Titre du produit 3","description":"Exemple de texte. Lorem ipsum dolor sit amet, consectetur adipiscing elit. Curabitur id suscipit ex.","price":"19","oldPrice":"25","quantity":1,"currency":"USD","sku":"","categories":[],"images":[{"url":"images/6537f30a.svg"}],"created":1696922558575,"updated":1696922558575,"isDefault":true,"fullPrice":"$19"},{"id":"5","name":"titre-du-produit-2","title":"Titre du produit 2","description":"Exemple de texte. Lorem ipsum dolor sit amet, consectetur adipiscing elit. Curabitur id suscipit ex.","price":"245","oldPrice":"300","quantity":1,"currency":"USD","sku":"","categories":[],"images":[{"url":"images/53c4c417.svg"}],"created":1696922558591,"updated":1696922558591,"isDefault":true,"fullPrice":"$245"},{"id":"6","name":"titre-du-produit-1","title":"Titre du produit 1","description":"Exemple de texte. Lorem ipsum dolor sit amet, consectetur adipiscing elit. Curabitur id suscipit ex.","price":"17","oldPrice":"20","quantity":1,"currency":"USD","sku":"","categories":[],"images":[{"url":"images/d754debf.svg"},{"url":"images/414330ad.svg"}],"created":1696922558608,"updated":1696922558608,"isDefault":true,"fullPrice":"$17"}],"categories":[]}